datetime,A,B,C,D,E,F,G,H,I,J,K,L,M
2024-02-01,4926.092455916393,1.0,106.30395357142878,2.0,0.0,10.0,154.95299999999952,154.95299999999952,11.0,154.95299999999952,1e+100,154.95299999999952,1e+100
2024-02-02,4873.294258535455,0.0,112.75155714285742,2.0,0.0,10.0,205.3739999999989,205.3739999999989,11.0,205.3739999999989,1e+100,205.3739999999989,1e+100
2024-02-05,4873.507545608682,0.0,112.49581428571457,3.0,0.0,10.0,186.0009999999993,186.0009999999993,11.0,186.0009999999993,1e+100,186.0009999999993,1e+100
2024-02-06,4875.474168328248,0.0,117.30136071428605,2.0,0.0,10.0,189.8159999999998,189.8159999999998,11.0,189.8159999999998,1e+100,189.8159999999998,1e+100
2024-02-07,4911.496459911836,0.0,125.23559285714339,2.0,0.0,10.0,224.7335000000012,224.7335000000012,11.0,224.7335000000012,1e+100,224.7335000000012,1e+100
2024-02-08,4917.213136916244,0.0,133.34142857142942,2.0,0.0,10.0,221.90850000000046,221.90850000000046,11.0,221.90850000000046,1e+100,221.90850000000046,1e+100
2024-02-09,4946.734480070431,0.0,141.62885714285795,2.0,0.0,10.0,244.63700000000063,244.63700000000063,11.0,244.63700000000063,1e+100,244.63700000000063,1e+100
2024-02-12,4947.57275606691,0.0,144.76073928571537,2.0,0.0,10.0,234.3785000000007,234.3785000000007,11.0,234.3785000000007,1e+100,234.3785000000007,1e+100
2024-02-13,4947.57275606691,0.0,131.05016785714415,3.0,0.0,10.0,158.47950000000037,158.47950000000037,11.0,158.47950000000037,1e+100,158.47950000000037,1e+100
2024-02-14,4947.57275606691,0.0,120.47606071428717,3.0,0.0,10.0,198.19250000000102,198.19250000000102,11.0,198.19250000000102,1e+100,198.19250000000102,1e+100
2024-02-15,4947.57275606691,0.0,114.69274285714427,3.0,0.0,10.0,222.14050000000134,222.14050000000134,11.0,222.14050000000134,1e+100,222.14050000000134,1e+100
2024-02-16,4947.57275606691,0.0,104.65975714285871,3.0,0.0,10.0,187.91250000000127,187.91250000000127,11.0,187.91250000000127,1e+100,187.91250000000127,1e+100
2024-02-20,4947.57275606691,0.0,88.75281071428745,3.0,0.0,10.0,144.37600000000202,144.37600000000202,11.0,144.37600000000202,1e+100,144.37600000000202,1e+100
2024-02-21,4947.57275606691,0.0,75.31153571428749,3.0,0.0,10.0,138.38650000000143,138.38650000000143,11.0,138.38650000000143,1e+100,138.38650000000143,1e+100
2024-02-22,4995.112268776978,0.0,78.35631071428737,2.0,0.0,10.0,234.06200000000172,234.06200000000172,11.0,234.06200000000172,1e+100,234.06200000000172,1e+100
2024-02-23,4998.517655338129,0.0,81.81611785714446,2.0,0.0,10.0,223.90500000000156,223.90500000000156,11.0,223.90500000000156,1e+100,223.90500000000156,1e+100
2024-02-26,5000.156272571223,0.0,80.12882500000151,3.0,0.0,10.0,193.9320000000016,193.9320000000016,11.0,193.9320000000016,1e+100,193.9320000000016,1e+100
2024-02-27,5002.247958942661,0.0,82.28760714285872,2.0,0.0,10.0,190.2425000000021,190.2425000000021,11.0,190.2425000000021,1e+100,190.2425000000021,1e+100
2024-02-28,5004.5930609955285,0.0,81.97974642857311,3.0,0.0,10.0,169.94300000000203,169.94300000000203,11.0,169.94300000000203,1e+100,169.94300000000203,1e+100
2024-02-29,5011.982907945752,0.0,77.41929285714443,3.0,0.0,10.0,187.09450000000197,187.09450000000197,11.0,187.09450000000197,1e+100,187.09450000000197,1e+100
2024-03-01,5052.370762548464,0.0,80.15732857142999,2.0,0.0,10.0,214.81400000000122,214.81400000000122,11.0,214.81400000000122,1e+100,214.81400000000122,1e+100
2024-03-04,5054.356724421041,0.0,83.24447857142998,2.0,0.0,10.0,196.2455000000018,196.2455000000018,11.0,196.2455000000018,1e+100,196.2455000000018,1e+100
2024-03-05,5054.356724421041,0.0,73.68780357142987,3.0,0.0,10.0,135.6585000000032,135.6585000000032,11.0,135.6585000000032,1e+100,135.6585000000032,1e+100
2024-03-06,5054.356724421041,0.0,69.44155357142972,3.0,0.0,10.0,155.5345000000034,155.5345000000034,11.0,155.5345000000034,1e+100,155.5345000000034,1e+100
2024-03-07,5068.97302535049,0.0,76.92400714285822,2.0,0.0,10.0,202.25450000000274,202.25450000000274,11.0,202.25450000000274,1e+100,202.25450000000274,1e+100
2024-03-08,5068.97302535049,0.0,76.5721071428583,3.0,0.0,10.0,157.66050000000268,157.66050000000268,11.0,157.66050000000268,1e+100,157.66050000000268,1e+100
2024-03-11,5068.97302535049,0.0,77.17586785714408,2.0,0.0,10.0,142.17950000000292,142.17950000000292,11.0,142.17950000000292,1e+100,142.17950000000292,1e+100
2024-03-12,5083.308051359876,0.0,87.45143214285837,2.0,0.0,10.0,190.60050000000228,190.60050000000228,11.0,190.60050000000228,1e+100,190.60050000000228,1e+100
2024-03-13,5085.180648791882,0.0,86.64334642857266,3.0,0.0,10.0,173.1090000000031,173.1090000000031,11.0,173.1090000000031,1e+100,173.1090000000031,1e+100
2024-03-14,5085.180648791882,0.0,85.37978571428721,3.0,0.0,10.0,151.0385000000033,151.0385000000033,11.0,151.0385000000033,1e+100,151.0385000000033,1e+100
2024-03-15,5085.180648791882,0.0,78.97063928571563,3.0,0.0,10.0,105.13750000000346,105.13750000000346,11.0,105.13750000000346,1e+100,105.13750000000346,1e+100
2024-03-18,5085.180648791882,0.0,74.58849642857305,3.0,0.0,10.0,125.92300000000341,125.92300000000341,11.0,125.92300000000341,1e+100,125.92300000000341,1e+100
2024-03-19,5085.950442195044,0.0,71.29466428571605,3.0,0.0,9.0,146.39700000000266,146.39700000000266,11.0,146.39700000000266,1e+100,146.39700000000266,1e+100
2024-03-20,5131.224920085291,0.0,68.86372142857311,3.0,0.0,9.0,185.71600000000217,185.71600000000217,11.0,185.71600000000217,1e+100,185.71600000000217,1e+100
2024-03-21,5149.158174081027,0.0,74.29622500000157,2.0,0.0,10.0,195.09950000000208,195.09950000000208,11.0,195.09950000000208,1e+100,195.09950000000208,1e+100
2024-03-22,5152.155265376975,0.0,77.29366785714437,2.0,0.0,10.0,179.6145000000024,179.6145000000024,11.0,179.6145000000024,1e+100,179.6145000000024,1e+100
2024-03-25,5154.816502108127,0.0,74.64835714285876,3.0,0.0,10.0,157.33650000000307,157.33650000000307,11.0,157.33650000000307,1e+100,157.33650000000307,1e+100
2024-03-26,5155.97867700272,0.0,69.52608928571604,3.0,0.0,10.0,138.16100000000188,138.16100000000188,11.0,138.16100000000188,1e+100,138.16100000000188,1e+100
2024-03-27,5162.627743152584,0.0,71.3667500000018,2.0,0.0,10.0,175.39850000000206,175.39850000000206,11.0,175.39850000000206,1e+100,175.39850000000206,1e+100
2024-03-28,5170.877355994955,0.0,75.1077250000018,2.0,0.0,10.0,170.65150000000267,170.65150000000267,11.0,170.65150000000267,1e+100,170.65150000000267,1e+100
2024-04-01,5171.575488195207,0.0,77.950621428573,2.0,0.0,10.0,152.599500000003,152.599500000003,11.0,152.599500000003,1e+100,152.599500000003,1e+100
2024-04-02,5171.575488195207,0.0,72.40310357143015,3.0,0.0,10.0,110.25050000000283,110.25050000000283,11.0,110.25050000000283,1e+100,110.25050000000283,1e+100
2024-04-03,5171.575488195207,0.0,60.9663500000014,3.0,0.0,10.0,108.73700000000281,108.73700000000281,11.0,108.73700000000281,1e+100,108.73700000000281,1e+100
2024-04-04,5237.869955808634,1.0,39.807996428572714,3.0,0.0,9.0,34.30700000000252,34.30700000000252,13.0,34.30700000000252,1e+100,34.30700000000252,1e+100
2024-04-05,5237.869955808634,1.0,34.9279000000013,3.0,0.0,9.0,79.31600000000344,79.31600000000344,11.0,79.31600000000344,1e+100,79.31600000000344,1e+100
2024-04-08,5237.869955808634,1.0,26.310125000001293,3.0,0.0,9.0,69.62000000000353,69.62000000000353,11.0,69.62000000000353,1e+100,69.62000000000353,1e+100
2024-04-09,5237.869955808634,1.0,17.9608214285727,3.0,0.0,9.0,69.89100000000326,69.89100000000326,11.0,69.89100000000326,1e+100,69.89100000000326,1e+100
2024-04-10,5237.869955808634,1.0,6.450117857143937,3.0,0.0,9.0,13.189000000003034,13.189000000003034,13.0,13.189000000003034,1e+100,13.189000000003034,1e+100
2024-04-11,5237.869955808634,1.0,1.776103571429502,3.0,0.0,9.0,45.31900000000405,45.31900000000405,11.0,45.31900000000405,1e+100,45.31900000000405,1e+100
2024-04-12,5225.626718720128,1.0,-17.493160714284826,4.0,0.0,9.0,-39.266499999996995,-39.266499999996995,12.0,-39.266499999996995,12.0,-39.266499999996995,1e+100
2024-04-15,5170.5213827841235,1.0,-47.098971428570366,4.0,0.0,9.0,-108.75949999999557,-108.75949999999557,12.0,-108.75949999999557,1e+100,-108.75949999999557,1e+100
2024-04-16,5158.676813644916,1.0,-72.56421428571315,4.0,0.0,10.0,-124.50499999999738,-124.50499999999738,12.0,-124.50499999999738,1e+100,-124.50499999999738,1e+100
2024-04-17,5131.203972962671,1.0,-96.17121071428426,4.0,0.0,10.0,-157.42799999999625,-157.42799999999625,12.0,-157.42799999999625,1e+100,-157.42799999999625,1e+100
2024-04-18,5120.121774314537,1.0,-116.61602499999846,4.0,0.0,10.0,-175.17999999999756,-175.17999999999756,12.0,-175.17999999999756,1e+100,-175.17999999999756,1e+100
2024-04-19,5077.34718559881,1.0,-138.3112999999983,4.0,0.0,10.0,-221.17149999999674,-221.17149999999674,12.0,-221.17149999999674,1e+100,-221.17149999999674,1e+100
2024-04-22,5077.34718559881,1.0,-148.2674642857125,4.0,0.0,10.0,-180.17149999999674,-180.17149999999674,12.0,-180.17149999999674,1e+100,-180.17149999999674,1e+100
2024-04-23,5077.34718559881,1.0,-145.47711071428375,5.0,0.0,10.0,-124.13649999999689,-124.13649999999689,12.0,-124.13649999999689,1e+100,-124.13649999999689,1e+100
2024-04-24,5077.34718559881,1.0,-141.94827142856943,5.0,0.0,10.0,-127.67599999999766,-127.67599999999766,12.0,-127.67599999999766,1e+100,-127.67599999999766,1e+100
2024-04-25,5077.34718559881,1.0,-136.36900357142662,5.0,0.0,10.0,-150.15449999999782,-150.15449999999782,12.0,-150.15449999999782,1e+100,-150.15449999999782,1e+100
2024-04-26,4985.149100576866,0.0,-118.13672499999788,5.0,0.0,10.0,-100.30199999999786,-100.30199999999786,12.0,-100.30199999999786,1e+100,-100.30199999999786,1e+100
2024-04-29,5003.615145548023,0.0,-95.83772499999799,5.0,0.0,10.0,-82.73849999999766,-82.73849999999766,13.0,-82.73849999999766,1e+100,-82.73849999999766,1e+100
2024-04-30,5003.615145548023,0.0,-90.72426785714089,5.0,0.0,10.0,-160.43399999999656,-160.43399999999656,12.0,-160.43399999999656,1e+100,-160.43399999999656,1e+100
2024-05-01,5003.615145548023,0.0,-87.07752499999816,5.0,0.0,10.0,-172.8324999999968,-172.8324999999968,12.0,-172.8324999999968,1e+100,-172.8324999999968,1e+100
2024-05-02,5003.615145548023,0.0,-78.03898214285536,5.0,0.0,10.0,-119.22749999999633,-119.22749999999633,12.0,-119.22749999999633,1e+100,-119.22749999999633,1e+100
2024-05-03,5008.340468268524,0.0,-51.403857142855315,5.0,0.0,10.0,-44.94149999999536,-44.94149999999536,13.0,-44.94149999999536,1e+100,-44.94149999999536,1e+100
2024-05-06,5061.923444855098,0.0,-15.538132142855318,5.0,0.0,9.0,21.70350000000417,21.70350000000417,11.0,21.70350000000417,1e+100,21.70350000000417,1e+100
2024-05-07,5072.716772612343,0.0,21.399585714287625,2.0,0.0,9.0,39.86250000000382,39.86250000000382,11.0,39.86250000000382,1e+100,39.86250000000382,11.0
2024-05-08,5075.857433981726,0.0,52.05953928571603,2.0,0.0,10.0,47.19350000000304,47.19350000000304,11.0,47.19350000000304,1e+100,47.19350000000304,1e+100
2024-05-09,5104.321062282639,0.0,89.20574642857301,2.0,0.0,10.0,80.20100000000366,80.20100000000366,11.0,80.20100000000366,1e+100,80.20100000000366,1e+100
2024-05-10,5115.430509168507,0.0,117.09974285714424,2.0,0.0,10.0,98.82450000000335,98.82450000000335,11.0,98.82450000000335,1e+100,98.82450000000335,1e+100
2024-05-13,5118.183483710082,0.0,136.45576785714422,2.0,0.0,10.0,105.26400000000376,105.26400000000376,11.0,105.26400000000376,1e+100,105.26400000000376,1e+100
2024-05-14,5144.169809524577,0.0,155.18775000000116,2.0,0.0,10.0,136.9250000000029,136.9250000000029,11.0,136.9250000000029,1e+100,136.9250000000029,1e+100
2024-05-15,5204.23881904835,0.0,175.68466071428713,2.0,0.0,10.0,206.88000000000375,206.88000000000375,11.0,206.88000000000375,1e+100,206.88000000000375,1e+100
2024-05-16,5206.503878095932,0.0,187.16310000000152,2.0,0.0,10.0,205.48400000000402,205.48400000000402,11.0,205.48400000000402,1e+100,205.48400000000402,1e+100
2024-05-17,5209.399684191136,0.0,190.686689285716,2.0,0.0,10.0,215.80450000000474,215.80450000000474,11.0,215.80450000000474,1e+100,215.80450000000474,1e+100
2024-05-20,5212.044699981579,0.0,193.0621607142875,2.0,0.0,10.0,224.49200000000383,224.49200000000383,11.0,224.49200000000383,1e+100,224.49200000000383,1e+100
2024-05-21,5227.4844649825,0.0,199.340692857145,2.0,0.0,10.0,238.87450000000445,238.87450000000445,11.0,238.87450000000445,1e+100,238.87450000000445,1e+100
2024-05-22,5228.464241733374,0.0,199.32863214285948,3.0,0.0,10.0,225.58500000000458,225.58500000000458,11.0,225.58500000000458,1e+100,225.58500000000458,1e+100
2024-05-23,5228.464241733374,0.0,184.88393214285966,3.0,0.0,10.0,185.06450000000405,185.06450000000405,11.0,185.06450000000405,1e+100,185.06450000000405,1e+100
2024-05-24,5228.464241733374,0.0,179.79873214285973,3.0,0.0,10.0,221.17350000000351,221.17350000000351,11.0,221.17350000000351,1e+100,221.17350000000351,1e+100
2024-05-28,5228.464241733374,0.0,174.4446500000027,3.0,0.0,10.0,217.52900000000318,217.52900000000318,11.0,217.52900000000318,1e+100,217.52900000000318,1e+100
2024-05-29,5228.464241733374,0.0,151.73610714285996,3.0,0.0,10.0,170.479000000003,170.479000000003,11.0,170.479000000003,1e+100,170.479000000003,1e+100
2024-05-30,5228.464241733374,0.0,119.07220714285995,3.0,0.0,10.0,129.2245000000039,129.2245000000039,11.0,129.2245000000039,1e+100,129.2245000000039,1e+100
2024-05-31,5228.464241733374,0.0,93.11517857143133,3.0,0.0,10.0,156.95850000000337,156.95850000000337,11.0,156.95850000000337,1e+100,156.95850000000337,1e+100
2024-06-03,5228.464241733374,0.0,71.26495000000277,3.0,0.0,10.0,148.56950000000325,148.56950000000325,11.0,148.56950000000325,1e+100,148.56950000000325,1e+100
2024-06-04,5228.464241733374,0.0,54.78106785714564,3.0,0.0,10.0,139.70850000000428,139.70850000000428,11.0,139.70850000000428,1e+100,139.70850000000428,1e+100
2024-06-05,5253.268427785609,0.0,50.596696428574305,3.0,0.0,9.0,187.52200000000448,187.52200000000448,11.0,187.52200000000448,1e+100,187.52200000000448,1e+100
2024-06-06,5255.608006396328,0.0,44.596235714288426,3.0,0.0,9.0,173.88900000000467,173.88900000000467,11.0,173.88900000000467,1e+100,173.88900000000467,1e+100
2024-06-07,5256.154606076511,0.0,38.69866785714558,3.0,0.0,9.0,156.14900000000398,156.14900000000398,11.0,156.14900000000398,1e+100,156.14900000000398,1e+100
2024-06-10,5264.361875772686,0.0,35.73294285714543,3.0,0.0,9.0,158.97700000000532,158.97700000000532,11.0,158.97700000000532,1e+100,158.97700000000532,1e+100
2024-06-11,5278.842781984053,0.0,35.04191785714535,3.0,0.0,9.0,163.26900000000478,163.26900000000478,11.0,163.26900000000478,1e+100,163.26900000000478,1e+100
2024-06-12,5322.18214288485,0.0,41.12558571428828,2.0,0.0,9.0,199.48550000000523,199.48550000000523,11.0,199.48550000000523,1e+100,199.48550000000523,1e+100
2024-06-13,5335.912035740607,0.0,53.43612142857397,2.0,0.0,10.0,200.6525000000056,200.6525000000056,11.0,200.6525000000056,1e+100,200.6525000000056,1e+100
2024-06-14,5337.803933953576,0.0,63.5314321428596,2.0,0.0,10.0,187.6590000000042,187.6590000000042,11.0,187.6590000000042,1e+100,187.6590000000042,1e+100
2024-06-17,5375.281237255897,0.0,78.77415357143093,2.0,0.0,10.0,218.62350000000515,218.62350000000515,11.0,218.62350000000515,1e+100,218.62350000000515,1e+100
2024-06-18,5392.053175393103,0.0,95.13522500000231,2.0,0.0,10.0,224.62300000000505,224.62300000000505,11.0,224.62300000000505,1e+100,224.62300000000505,1e+100
2024-06-20,5392.053175393103,0.0,108.2429464285739,2.0,0.0,10.0,205.23200000000543,205.23200000000543,11.0,205.23200000000543,1e+100,205.23200000000543,1e+100
2024-06-21,5393.937290792275,0.0,117.43505000000259,2.0,0.0,10.0,188.36550000000443,188.36550000000443,11.0,188.36550000000443,1e+100,188.36550000000443,1e+100
2024-06-24,5394.284426252662,0.0,117.61824642857428,2.0,0.0,10.0,163.37100000000464,163.37100000000464,11.0,163.37100000000464,1e+100,163.37100000000464,1e+100
2024-06-25,5396.289204940029,0.0,124.0423214285743,2.0,0.0,10.0,178.13550000000487,178.13550000000487,11.0,178.13550000000487,1e+100,178.13550000000487,1e+100
2024-06-26,5397.698744693027,0.0,130.98768571428866,2.0,0.0,10.0,179.85100000000511,179.85100000000511,11.0,179.85100000000511,1e+100,179.85100000000511,1e+100
2024-06-27,5399.837807458376,0.0,133.31882500000305,2.0,0.0,10.0,177.12600000000475,177.12600000000475,11.0,177.12600000000475,1e+100,177.12600000000475,1e+100
2024-06-28,5399.837807458376,0.0,125.23037857143157,3.0,0.0,10.0,146.0195000000058,146.0195000000058,11.0,146.0195000000058,1e+100,146.0195000000058,1e+100
2024-07-01,5399.837807458376,0.0,117.62685714286033,3.0,0.0,10.0,154.34900000000562,154.34900000000562,11.0,154.34900000000562,1e+100,154.34900000000562,1e+100
2024-07-02,5419.464337669625,0.0,112.83467500000327,3.0,0.0,10.0,181.54300000000603,181.54300000000603,11.0,181.54300000000603,1e+100,181.54300000000603,1e+100
2024-07-03,5448.747120786144,0.0,108.47886071428906,3.0,0.0,10.0,201.0340000000051,201.0340000000051,11.0,201.0340000000051,1e+100,201.0340000000051,1e+100
2024-07-05,5479.480264746836,0.0,110.37686785714604,2.0,0.0,10.0,222.279000000005,222.279000000005,11.0,222.279000000005,1e+100,222.279000000005,1e+100
2024-07-08,5487.466251509494,0.0,110.18218214286007,3.0,0.0,10.0,220.35200000000532,220.35200000000532,11.0,220.35200000000532,1e+100,220.35200000000532,1e+100
2024-07-09,5494.05693893402,0.0,107.24774642857436,3.0,0.0,10.0,216.5825000000059,216.5825000000059,11.0,216.5825000000059,1e+100,216.5825000000059,1e+100
2024-07-10,5549.310591987319,0.0,111.8648000000029,2.0,0.0,10.0,264.5310000000063,264.5310000000063,11.0,264.5310000000063,1e+100,264.5310000000063,1e+100
2024-07-11,5549.310591987319,0.0,102.43840714286006,3.0,0.0,10.0,206.93200000000616,206.93200000000616,11.0,206.93200000000616,1e+100,206.93200000000616,1e+100
2024-07-12,5549.310591987319,0.0,99.66770714286,3.0,0.0,10.0,229.12800000000607,229.12800000000607,11.0,229.12800000000607,1e+100,229.12800000000607,1e+100
2024-07-15,5549.310591987319,0.0,99.40877500000293,3.0,0.0,10.0,234.20200000000568,234.20200000000568,11.0,234.20200000000568,1e+100,234.20200000000568,1e+100
2024-07-16,5577.430589864871,0.0,103.42570357143131,2.0,0.0,10.0,258.9510000000055,258.9510000000055,11.0,258.9510000000055,1e+100,258.9510000000055,1e+100
2024-07-17,5577.430589864871,0.0,93.4382571428596,3.0,0.0,10.0,170.141000000006,170.141000000006,11.0,170.141000000006,1e+100,170.141000000006,1e+100
2024-07-18,5642.557917646954,1.0,77.29481428571648,3.0,0.0,10.0,115.16050000000541,115.16050000000541,11.0,115.16050000000541,1e+100,115.16050000000541,1e+100
2024-07-19,5604.115021764606,1.0,53.62136428571621,3.0,0.0,10.0,63.28750000000491,63.28750000000491,13.0,63.28750000000491,1e+100,63.28750000000491,1e+100
2024-07-22,5604.115021764606,1.0,41.653857142858826,3.0,0.0,10.0,112.03950000000532,112.03950000000532,11.0,112.03950000000532,1e+100,112.03950000000532,1e+100
2024-07-23,5604.104482142557,1.0,26.849464285716053,3.0,0.0,10.0,92.39400000000478,92.39400000000478,11.0,92.39400000000478,1e+100,92.39400000000478,1e+100
2024-07-24,5534.855758035429,1.0,-7.433096428569712,4.0,0.0,10.0,-47.73549999999523,-47.73549999999523,12.0,-47.73549999999523,12.0,-47.73549999999523,1e+100
2024-07-25,5511.642970133657,1.0,-41.522796428569734,4.0,0.0,10.0,-89.28249999999571,-89.28249999999571,12.0,-89.28249999999571,1e+100,-89.28249999999571,1e+100
2024-07-26,5511.642970133657,1.0,-60.87256785714098,4.0,0.0,10.0,-39.88449999999466,-39.88449999999466,12.0,-39.88449999999466,1e+100,-39.88449999999466,1e+100
2024-07-29,5511.642970133657,1.0,-79.97689642856963,4.0,0.0,10.0,-45.14049999999497,-45.14049999999497,12.0,-45.14049999999497,1e+100,-45.14049999999497,1e+100
2024-07-30,5511.642970133657,1.0,-101.87549285714101,4.0,0.0,10.0,-82.11349999999584,-82.11349999999584,12.0,-82.11349999999584,1e+100,-82.11349999999584,1e+100
2024-07-31,5399.339554370073,0.0,-103.13142142856961,4.0,0.0,10.0,-8.053499999996347,-8.053499999996347,12.0,-8.053499999996347,1e+100,-8.053499999996347,1e+100
2024-08-01,5399.339554370073,0.0,-115.59761785714113,4.0,0.0,10.0,-89.40549999999621,-89.40549999999621,12.0,-89.40549999999621,1e+100,-89.40549999999621,1e+100
2024-08-02,5486.7740771810095,1.0,-137.76132857142684,4.0,0.0,10.0,-192.42349999999624,-192.42349999999624,12.0,-192.42349999999624,1e+100,-192.42349999999624,1e+100
2024-08-05,5342.281873321959,1.0,-175.75092857142695,4.0,0.0,10.0,-354.2249999999967,-354.2249999999967,12.0,-354.2249999999967,1e+100,-354.2249999999967,1e+100
2024-08-06,5342.281873321959,1.0,-197.1533678571411,4.0,0.0,10.0,-305.5144999999966,-305.5144999999966,12.0,-305.5144999999966,1e+100,-305.5144999999966,1e+100
2024-08-07,5342.281873321959,1.0,-215.70297857142674,4.0,0.0,10.0,-351.43799999999555,-351.43799999999555,12.0,-351.43799999999555,1e+100,-351.43799999999555,1e+100
2024-08-08,5342.281873321959,1.0,-212.84523571428375,5.0,0.0,10.0,-229.53949999999622,-229.53949999999622,12.0,-229.53949999999622,1e+100,-229.53949999999622,1e+100
2024-08-09,5176.146269542555,0.0,-199.28075714285518,5.0,0.0,10.0,-200.75549999999566,-200.75549999999566,12.0,-200.75549999999566,1e+100,-200.75549999999566,1e+100
2024-08-12,5180.093456065429,0.0,-181.125032142855,5.0,0.0,10.0,-199.3359999999957,-199.3359999999957,12.0,-199.3359999999957,1e+100,-199.3359999999957,1e+100
2024-08-13,5269.155783262157,0.0,-138.00179285714077,5.0,0.0,10.0,-109.42899999999645,-109.42899999999645,13.0,-109.42899999999645,1e+100,-109.42899999999645,1e+100
2024-08-14,5293.448994099049,0.0,-97.58015357142656,5.0,0.0,10.0,-86.73649999999634,-86.73649999999634,13.0,-86.73649999999634,1e+100,-86.73649999999634,1e+100
2024-08-15,5380.4435443940965,0.0,-44.357503571426754,5.0,0.0,10.0,0.6100000000033106,0.6100000000033106,11.0,0.6100000000033106,1e+100,0.6100000000033106,1e+100
2024-08-16,5395.9508671743915,0.0,4.275678571430433,2.0,0.0,10.0,16.176000000004024,16.176000000004024,11.0,16.176000000004024,1e+100,16.176000000004024,11.0
2024-08-19,5452.090323815672,0.0,64.26421785714462,2.0,0.0,10.0,81.18850000000384,81.18850000000384,11.0,81.18850000000384,1e+100,81.18850000000384,1e+100
2024-08-20,5456.396807624888,0.0,117.34026785714451,2.0,0.0,10.0,89.38450000000375,89.38450000000375,11.0,89.38450000000375,1e+100,89.38450000000375,1e+100
2024-08-21,5472.477967243644,0.0,158.36843214285895,2.0,0.0,10.0,129.9610000000048,129.9610000000048,11.0,129.9610000000048,1e+100,129.9610000000048,1e+100
2024-08-22,5472.477967243644,0.0,182.0731607142877,2.0,0.0,10.0,101.49150000000373,101.49150000000373,11.0,101.49150000000373,1e+100,101.49150000000373,1e+100
2024-08-23,5485.770615437389,0.0,218.58348928571664,2.0,0.0,10.0,178.70400000000518,178.70400000000518,11.0,178.70400000000518,1e+100,178.70400000000518,1e+100
2024-08-26,5488.28408466552,0.0,246.845303571431,2.0,0.0,10.0,174.51350000000457,174.51350000000457,11.0,174.51350000000457,1e+100,174.51350000000457,1e+100
2024-08-27,5491.829880432244,0.0,269.38720714285955,2.0,0.0,10.0,197.7950000000037,197.7950000000037,11.0,197.7950000000037,1e+100,197.7950000000037,1e+100
2024-08-28,5492.360386410632,0.0,289.59422500000244,2.0,0.0,10.0,175.83350000000337,175.83350000000337,11.0,175.83350000000337,1e+100,175.83350000000337,1e+100
2024-08-29,5493.1483670901,0.0,299.1533857142881,2.0,0.0,10.0,182.24750000000404,182.24750000000404,11.0,182.24750000000404,1e+100,182.24750000000404,1e+100
2024-08-30,5507.052948735595,0.0,306.9663857142881,2.0,0.0,10.0,238.75600000000395,238.75600000000395,11.0,238.75600000000395,1e+100,238.75600000000395,1e+100
2024-09-03,5507.052948735595,0.0,271.7466750000025,3.0,0.0,10.0,116.82250000000477,116.82250000000477,11.0,116.82250000000477,1e+100,116.82250000000477,1e+100
2024-09-04,5507.052948735595,0.0,234.9821785714313,3.0,0.0,10.0,105.79050000000461,105.79050000000461,13.0,105.79050000000461,1e+100,105.79050000000461,1e+100
2024-09-05,5648.86261932782,1.0,185.36458214285975,3.0,0.0,10.0,87.06250000000455,87.06250000000455,13.0,87.06250000000455,1e+100,87.06250000000455,1e+100
2024-09-06,5558.585488361429,1.0,123.68111428571703,3.0,0.0,10.0,-17.61349999999493,-17.61349999999493,12.0,-17.61349999999493,12.0,-17.61349999999493,1e+100
2024-09-09,5558.585488361429,1.0,75.00138928571685,3.0,0.0,10.0,36.44550000000527,36.44550000000527,13.0,36.44550000000527,1e+100,36.44550000000527,1e+100
2024-09-10,5556.76247824619,1.0,28.039464285716917,3.0,0.0,10.0,52.140000000004875,52.140000000004875,13.0,52.140000000004875,1e+100,52.140000000004875,1e+100
2024-09-11,5556.76247824619,1.0,0.5592000000025621,3.0,0.0,9.0,103.0850000000055,103.0850000000055,11.0,103.0850000000055,1e+100,103.0850000000055,11.0
2024-09-12,5440.781188382814,0.0,-16.815407142854866,4.0,0.0,9.0,135.2280000000046,135.2280000000046,11.0,135.2280000000046,1e+100,135.2280000000046,1e+100
2024-09-13,5474.737628963674,0.0,-19.191603571426384,4.0,0.0,9.0,161.99300000000585,161.99300000000585,11.0,161.99300000000585,1e+100,161.99300000000585,1e+100
2024-09-16,5486.21924751549,0.0,-18.440378571426407,5.0,0.0,9.0,161.80000000000473,161.80000000000473,11.0,161.80000000000473,1e+100,161.80000000000473,1e+100
2024-09-17,5489.376285139715,0.0,-12.445292857140998,5.0,0.0,9.0,148.19800000000487,148.19800000000487,11.0,148.19800000000487,1e+100,148.19800000000487,1e+100
2024-09-18,5489.376285139715,0.0,-9.984124999998187,5.0,0.0,9.0,114.74900000000525,114.74900000000525,11.0,114.74900000000525,1e+100,114.74900000000525,1e+100
2024-09-19,5563.987022338592,0.0,11.40028571428735,2.0,0.0,9.0,196.14700000000448,196.14700000000448,11.0,196.14700000000448,1e+100,196.14700000000448,11.0
2024-09-20,5567.405171221663,0.0,25.538207142858752,2.0,0.0,10.0,169.8415000000041,169.8415000000041,11.0,169.8415000000041,1e+100,169.8415000000041,1e+100
2024-09-23,5577.36541266058,0.0,48.75145000000184,2.0,0.0,10.0,181.42500000000382,181.42500000000382,11.0,181.42500000000382,1e+100,181.42500000000382,1e+100
2024-09-24,5595.1531420275505,0.0,72.8249464285733,2.0,0.0,10.0,189.43950000000314,189.43950000000314,11.0,189.43950000000314,1e+100,189.43950000000314,1e+100
2024-09-25,5599.145484926174,0.0,95.31060357143062,2.0,0.0,10.0,171.212000000005,171.212000000005,11.0,171.212000000005,1e+100,171.212000000005,1e+100
2024-09-26,5613.619210679864,0.0,117.56908214285923,2.0,0.0,10.0,188.31700000000365,188.31700000000365,11.0,188.31700000000365,1e+100,188.31700000000365,1e+100
2024-09-27,5616.562250145871,0.0,137.69189285714484,2.0,0.0,10.0,174.08950000000368,174.08950000000368,11.0,174.08950000000368,1e+100,174.08950000000368,1e+100
2024-09-30,5633.971137638578,0.0,167.06000714285918,2.0,0.0,10.0,194.2795000000042,194.2795000000042,11.0,194.2795000000042,1e+100,194.2795000000042,1e+100
2024-10-01,5633.971137638578,0.0,171.70903928571607,2.0,0.0,10.0,136.5885000000044,136.5885000000044,11.0,136.5885000000044,1e+100,136.5885000000044,1e+100
2024-10-02,5634.223776718816,0.0,173.49176428571602,2.0,0.0,10.0,136.08200000000397,136.08200000000397,11.0,136.08200000000397,1e+100,136.08200000000397,1e+100
2024-10-03,5636.496087882876,0.0,168.51491785714458,3.0,0.0,10.0,125.42500000000382,125.42500000000382,11.0,125.42500000000382,1e+100,125.42500000000382,1e+100
2024-10-04,5637.469783488732,0.0,158.88431428571604,3.0,0.0,10.0,171.89450000000397,171.89450000000397,11.0,171.89450000000397,1e+100,171.89450000000397,1e+100
2024-10-07,5637.469783488732,0.0,140.15160357143023,3.0,0.0,10.0,110.17000000000371,110.17000000000371,11.0,110.17000000000371,1e+100,110.17000000000371,1e+100
2024-10-08,5637.469783488732,0.0,129.69541428571617,3.0,0.0,9.0,161.18100000000504,161.18100000000504,11.0,161.18100000000504,1e+100,161.18100000000504,1e+100
2024-10-09,5668.029189368652,0.0,121.18503571428745,3.0,0.0,9.0,196.2865000000047,196.2865000000047,11.0,196.2865000000047,1e+100,196.2865000000047,1e+100
2024-10-10,5671.203229900219,0.0,108.96104642857313,3.0,0.0,9.0,179.45250000000397,179.45250000000397,11.0,179.45250000000397,1e+100,179.45250000000397,1e+100
2024-10-11,5695.531568405208,0.0,103.5206142857159,3.0,0.0,9.0,206.79400000000442,206.79400000000442,11.0,206.79400000000442,1e+100,206.79400000000442,1e+100
2024-10-14,5740.689989984948,0.0,102.85386071428718,3.0,0.0,10.0,244.30350000000362,244.30350000000362,11.0,244.30350000000362,1e+100,244.30350000000362,1e+100
2024-10-15,5740.689989984948,0.0,92.0656035714299,3.0,0.0,9.0,193.98850000000402,193.98850000000402,11.0,193.98850000000402,1e+100,193.98850000000402,1e+100
2024-10-16,5742.232465961415,0.0,80.49467500000117,3.0,0.0,9.0,212.2275000000027,212.2275000000027,11.0,212.2275000000027,1e+100,212.2275000000027,1e+100
2024-10-17,5744.292842663344,0.0,75.71818214285817,3.0,0.0,10.0,201.75400000000263,201.75400000000263,11.0,201.75400000000263,1e+100,201.75400000000263,1e+100
2024-10-18,5751.822200530178,0.0,74.00356428571541,3.0,0.0,10.0,215.12750000000415,215.12750000000415,11.0,215.12750000000415,1e+100,215.12750000000415,1e+100
2024-10-21,5753.252090503669,0.0,71.53288214285838,3.0,0.0,10.0,187.2860000000037,187.2860000000037,11.0,187.2860000000037,1e+100,187.2860000000037,1e+100
2024-10-22,5754.636485978485,0.0,69.96690714285825,3.0,0.0,10.0,173.26250000000255,173.26250000000255,11.0,173.26250000000255,1e+100,173.26250000000255,1e+100
2024-10-23,5754.636485978485,0.0,57.72438928571552,3.0,0.0,10.0,106.72200000000339,106.72200000000339,11.0,106.72200000000339,1e+100,106.72200000000339,1e+100
2024-10-24,5754.636485978485,0.0,50.45515000000121,3.0,0.0,10.0,107.26650000000245,107.26650000000245,11.0,107.26650000000245,1e+100,107.26650000000245,1e+100
2024-10-25,5754.636485978485,0.0,43.170096428572634,3.0,0.0,10.0,96.29200000000219,96.29200000000219,11.0,96.29200000000219,1e+100,96.29200000000219,1e+100
2024-10-28,5755.018874807513,0.0,42.22587142857272,3.0,0.0,10.0,102.24050000000261,102.24050000000261,11.0,102.24050000000261,1e+100,102.24050000000261,1e+100
2024-10-29,5755.999931067138,0.0,38.351307142858346,3.0,0.0,10.0,100.3015000000023,100.3015000000023,11.0,100.3015000000023,1e+100,100.3015000000023,1e+100
2024-10-30,5757.467934513781,0.0,30.672217857143934,3.0,0.0,9.0,72.01750000000266,72.01750000000266,11.0,72.01750000000266,1e+100,72.01750000000266,1e+100
2024-10-31,5818.371462211908,1.0,2.049275000000904,3.0,0.0,9.0,-47.41399999999794,-47.41399999999794,12.0,-47.41399999999794,12.0,-47.41399999999794,1e+100
2024-11-01,5818.371462211908,1.0,-15.538707142856083,4.0,0.0,9.0,-30.435499999997774,-30.435499999997774,12.0,-30.435499999997774,1e+100,-30.435499999997774,1e+100
2024-11-04,5818.225244646247,1.0,-40.027642857141785,4.0,0.0,9.0,-54.672499999997854,-54.672499999997854,12.0,-54.672499999997854,1e+100,-54.672499999997854,1e+100
2024-11-05,5818.225244646247,1.0,-44.66565357142743,4.0,0.0,9.0,8.648000000002867,8.648000000002867,13.0,8.648000000002867,1e+100,8.648000000002867,1e+100
2024-11-06,5805.182116706762,0.0,-24.101571428570395,5.0,0.0,9.0,148.9955000000009,148.9955000000009,11.0,148.9955000000009,1e+100,148.9955000000009,1e+100
2024-11-07,5849.9535108714235,0.0,-1.874039285713252,5.0,0.0,10.0,189.2975000000024,189.2975000000024,11.0,189.2975000000024,1e+100,189.2975000000024,1e+100
2024-11-08,5874.614335327852,0.0,23.72032142857249,2.0,0.0,10.0,208.51200000000154,208.51200000000154,11.0,208.51200000000154,1e+100,208.51200000000154,11.0
2024-11-11,5883.4081185614605,0.0,51.17756071428688,2.0,0.0,10.0,210.82450000000244,210.82450000000244,11.0,210.82450000000244,1e+100,210.82450000000244,1e+100
2024-11-12,5884.320712633387,0.0,69.24810357142987,2.0,0.0,10.0,190.4335000000019,190.4335000000019,11.0,190.4335000000019,1e+100,190.4335000000019,1e+100
2024-11-13,5885.943677001717,0.0,86.76071428571565,2.0,0.0,10.0,185.6150000000025,185.6150000000025,11.0,185.6150000000025,1e+100,185.6150000000025,1e+100
2024-11-14,5886.553493151632,0.0,95.73681071428712,2.0,0.0,10.0,144.179500000002,144.179500000002,11.0,144.179500000002,1e+100,144.179500000002,1e+100
2024-11-15,5989.29218150595,1.0,91.77438214285873,3.0,0.0,10.0,65.37500000000273,65.37500000000273,11.0,65.37500000000273,1e+100,65.37500000000273,1e+100
2024-11-18,5987.576072430653,1.0,91.642246428573,3.0,0.0,10.0,89.46750000000247,89.46750000000247,11.0,89.46750000000247,1e+100,89.46750000000247,1e+100
2024-11-19,5987.576072430653,1.0,95.60997857143025,2.0,0.0,10.0,111.99000000000251,111.99000000000251,11.0,111.99000000000251,1e+100,111.99000000000251,1e+100
2024-11-20,5987.576072430653,1.0,93.73441071428745,3.0,0.0,10.0,110.55850000000191,110.55850000000191,11.0,110.55850000000191,1e+100,110.55850000000191,1e+100
2024-11-21,5987.576072430653,1.0,97.65606428571608,2.0,0.0,10.0,135.2895000000026,135.2895000000026,11.0,135.2895000000026,1e+100,135.2895000000026,1e+100
2024-11-22,5987.236946657719,1.0,103.55692857143032,2.0,0.0,10.0,146.26700000000255,146.26700000000255,11.0,146.26700000000255,1e+100,146.26700000000255,1e+100
2024-11-25,5870.919400675167,0.0,112.23690714285902,2.0,0.0,10.0,155.2925000000032,155.2925000000032,11.0,155.2925000000032,1e+100,155.2925000000032,1e+100
2024-11-26,5907.198430641409,0.0,125.78718571428773,2.0,0.0,10.0,182.4785000000038,182.4785000000038,11.0,182.4785000000038,1e+100,182.4785000000038,1e+100
2024-11-27,5909.243509109338,0.0,130.60978571428765,2.0,0.0,10.0,151.13100000000304,151.13100000000304,11.0,151.13100000000304,1e+100,151.13100000000304,1e+100
2024-11-29,5921.069333653872,0.0,126.9472642857163,3.0,0.0,10.0,177.64550000000327,177.64550000000327,11.0,177.64550000000327,1e+100,177.64550000000327,1e+100
2024-12-02,5939.266366971178,0.0,123.34783571428801,3.0,0.0,10.0,187.01150000000325,187.01150000000325,11.0,187.01150000000325,1e+100,187.01150000000325,1e+100
2024-12-03,5945.522048622619,0.0,112.72982142857376,3.0,0.0,10.0,189.44400000000314,189.44400000000314,11.0,189.44400000000314,1e+100,189.44400000000314,1e+100
2024-12-04,5983.352446191488,0.0,103.69551428571656,3.0,0.0,10.0,224.07200000000194,224.07200000000194,11.0,224.07200000000194,1e+100,224.07200000000194,1e+100
2024-12-05,5986.343823881913,0.0,102.69128928571662,3.0,0.0,10.0,209.40300000000298,209.40300000000298,11.0,209.40300000000298,1e+100,209.40300000000298,1e+100
2024-12-06,5992.663632687818,0.0,106.7062321428593,2.0,0.0,10.0,218.5985000000028,218.5985000000028,11.0,218.5985000000028,1e+100,218.5985000000028,1e+100
2024-12-09,5993.379451053426,0.0,105.07884285714492,3.0,0.0,10.0,174.21700000000328,174.21700000000328,11.0,174.21700000000328,1e+100,174.21700000000328,1e+100
2024-12-10,5994.673478500756,0.0,101.27835000000196,3.0,0.0,10.0,148.21600000000308,148.21600000000308,11.0,148.21600000000308,1e+100,148.21600000000308,1e+100
2024-12-11,5994.673478500756,0.0,105.50087142857356,2.0,0.0,10.0,189.30250000000433,189.30250000000433,11.0,189.30250000000433,1e+100,189.30250000000433,1e+100
2024-12-12,5995.221564346932,0.0,103.59957500000209,3.0,0.0,10.0,146.93600000000333,146.93600000000333,11.0,146.93600000000333,1e+100,146.93600000000333,1e+100
2024-12-13,5995.693486129585,0.0,98.2798821428591,3.0,0.0,10.0,137.51250000000437,137.51250000000437,11.0,137.51250000000437,1e+100,137.51250000000437,1e+100
2024-12-16,5997.011811823106,0.0,88.7728607142876,3.0,0.0,10.0,144.1550000000043,144.1550000000043,11.0,144.1550000000043,1e+100,144.1550000000043,1e+100
2024-12-17,5997.787221231951,0.0,75.46690714285904,3.0,0.0,10.0,104.76850000000468,104.76850000000468,11.0,104.76850000000468,1e+100,104.76850000000468,1e+100
2024-12-18,5980.326139829647,1.0,30.9540714285734,3.0,0.0,10.0,-90.52099999999609,-90.52099999999609,12.0,-90.52099999999609,12.0,-90.52099999999609,1e+100
2024-12-19,5976.763332838164,1.0,-12.156289285712546,4.0,0.0,10.0,-110.80649999999605,-110.80649999999605,12.0,-110.80649999999605,1e+100,-110.80649999999605,1e+100
2024-12-20,5976.763332838164,1.0,-36.27056428571257,4.0,0.0,10.0,-54.3399999999956,-54.3399999999956,12.0,-54.3399999999956,1e+100,-54.3399999999956,1e+100
2024-12-23,5976.763332838164,1.0,-48.66173571428422,4.0,0.0,10.0,-16.959499999996297,-16.959499999996297,12.0,-16.959499999996297,1e+100,-16.959499999996297,1e+100
2024-12-24,5918.694238757878,0.0,-46.060510714284305,5.0,0.0,10.0,46.145000000003165,46.145000000003165,11.0,46.145000000003165,1e+100,46.145000000003165,1e+100
2024-12-26,5920.524026819985,0.0,-40.21511428571307,5.0,0.0,10.0,41.99700000000303,41.99700000000303,11.0,41.99700000000303,1e+100,41.99700000000303,1e+100
2024-12-27,5920.524026819985,0.0,-48.00087142857029,4.0,0.0,10.0,-29.74199999999564,-29.74199999999564,12.0,-29.74199999999564,12.0,-29.74199999999564,1e+100
2024-12-30,6034.931040794963,1.0,-63.05575714285604,4.0,0.0,10.0,-96.93499999999676,-96.93499999999676,12.0,-96.93499999999676,1e+100,-96.93499999999676,1e+100
2024-12-31,6009.289988755216,1.0,-78.50145357142759,4.0,0.0,10.0,-127.36099999999715,-127.36099999999715,12.0,-127.36099999999715,1e+100,-127.36099999999715,1e+100
2025-01-02,6000.402489317456,1.0,-93.1448178571419,4.0,0.0,10.0,-150.5929999999962,-150.5929999999962,12.0,-150.5929999999962,1e+100,-150.5929999999962,1e+100
2025-01-03,6000.402489317456,1.0,-91.26656785714206,5.0,0.0,10.0,-84.54249999999683,-84.54249999999683,12.0,-84.54249999999683,1e+100,-84.54249999999683,1e+100
2025-01-06,6000.402489317456,1.0,-82.3178178571421,5.0,0.0,10.0,-49.3924999999972,-49.3924999999972,12.0,-49.3924999999972,1e+100,-49.3924999999972,1e+100
2025-01-07,6000.402489317456,1.0,-82.0382642857135,5.0,0.0,9.0,-113.23999999999614,-113.23999999999614,12.0,-113.23999999999614,1e+100,-113.23999999999614,1e+100
2025-01-08,6000.402489317456,1.0,-80.91352499999905,5.0,0.0,9.0,-103.10699999999724,-103.10699999999724,12.0,-103.10699999999724,1e+100,-103.10699999999724,1e+100
2025-01-10,5968.384989223894,1.0,-94.97823214285634,4.0,0.0,9.0,-194.5744999999979,-194.5744999999979,12.0,-194.5744999999979,1e+100,-194.5744999999979,1e+100
2025-01-13,5967.847239762699,1.0,-97.0259464285705,4.0,0.0,9.0,-188.02799999999752,-188.02799999999752,12.0,-188.02799999999752,1e+100,-188.02799999999752,1e+100
2025-01-14,5967.456377774564,1.0,-97.48322857142776,4.0,0.0,9.0,-182.1349999999984,-182.1349999999984,12.0,-182.1349999999984,1e+100,-182.1349999999984,1e+100
2025-01-15,5967.456377774564,1.0,-75.69311428571342,5.0,0.0,9.0,-73.72099999999773,-73.72099999999773,13.0,-73.72099999999773,1e+100,-73.72099999999773,1e+100
2025-01-16,5967.456377774564,1.0,-52.62454642857044,5.0,0.0,9.0,-80.0189999999975,-80.0189999999975,13.0,-80.0189999999975,1e+100,-80.0189999999975,1e+100
2025-01-17,5854.640456855533,0.0,-20.135032142856097,5.0,0.0,8.0,-12.442999999998392,-12.442999999998392,13.0,-12.442999999998392,1e+100,-12.442999999998392,1e+100
2025-01-21,5908.834934012756,0.0,3.963414285715274,2.0,0.0,9.0,49.20250000000124,49.20250000000124,11.0,49.20250000000124,1e+100,49.20250000000124,11.0
2025-01-22,5947.826687312118,0.0,27.458907142858052,2.0,0.0,9.0,93.53350000000137,93.53350000000137,11.0,93.53350000000137,1e+100,93.53350000000137,1e+100
2025-01-23,5982.707352946512,0.0,58.506175000001065,2.0,0.0,10.0,130.88000000000193,130.88000000000193,11.0,130.88000000000193,1e+100,130.88000000000193,1e+100
2025-01-24,5985.563985299187,0.0,86.2792178571439,2.0,0.0,10.0,122.47300000000178,122.47300000000178,11.0,122.47300000000178,1e+100,122.47300000000178,1e+100
2025-01-27,5985.563985299187,0.0,101.7573464285724,2.0,0.0,10.0,40.24200000000201,40.24200000000201,11.0,40.24200000000201,1e+100,40.24200000000201,1e+100
2025-01-28,5985.563985299187,0.0,126.91760000000085,2.0,0.0,10.0,106.05550000000221,106.05550000000221,11.0,106.05550000000221,1e+100,106.05550000000221,1e+100
2025-01-29,5985.563985299187,0.0,138.87887500000073,2.0,0.0,10.0,90.06400000000212,90.06400000000212,11.0,90.06400000000212,1e+100,90.06400000000212,1e+100
2025-01-30,5985.563985299187,0.0,148.39945357142932,2.0,0.0,10.0,132.34150000000227,132.34150000000227,11.0,132.34150000000227,1e+100,132.34150000000227,1e+100
2025-01-31,5985.563985299187,0.0,146.58587857142913,3.0,0.0,10.0,106.73950000000241,106.73950000000241,11.0,106.73950000000241,1e+100,106.73950000000241,1e+100
2025-02-03,5985.563985299187,0.0,132.28082500000048,3.0,0.0,10.0,67.63550000000214,67.63550000000214,11.0,67.63550000000214,1e+100,67.63550000000214,1e+100
2025-02-04,5985.563985299187,0.0,131.32421071428615,3.0,0.0,10.0,113.64300000000276,113.64300000000276,11.0,113.64300000000276,1e+100,113.64300000000276,1e+100
2025-02-05,5985.563985299187,0.0,136.4080035714289,2.0,0.0,10.0,128.37000000000262,128.37000000000262,11.0,128.37000000000262,1e+100,128.37000000000262,1e+100
2025-02-06,5985.563985299187,0.0,137.50685357142913,2.0,0.0,10.0,139.49550000000272,139.49550000000272,11.0,139.49550000000272,1e+100,139.49550000000272,1e+100
2025-02-07,5985.563985299187,0.0,126.28293928571486,3.0,0.0,10.0,72.52150000000165,72.52150000000165,11.0,72.52150000000165,1e+100,72.52150000000165,1e+100
2025-02-10,5985.563985299187,0.0,112.05516428571482,3.0,0.0,10.0,106.63300000000254,106.63300000000254,11.0,106.63300000000254,1e+100,106.63300000000254,1e+100
2025-02-11,5985.563985299187,0.0,95.22910357142919,3.0,0.0,9.0,110.06100000000151,110.06100000000151,11.0,110.06100000000151,1e+100,110.06100000000151,1e+100
2025-02-12,5985.563985299187,0.0,68.46811785714345,3.0,0.0,8.0,92.04450000000179,92.04450000000179,11.0,92.04450000000179,1e+100,92.04450000000179,1e+100
2025-02-13,5985.563985299187,0.0,61.126728571429155,3.0,0.0,8.0,151.72100000000137,151.72100000000137,11.0,151.72100000000137,1e+100,151.72100000000137,1e+100
2025-02-14,5989.841792049247,0.0,51.49615357142932,3.0,0.0,8.0,143.0495000000019,143.0495000000019,11.0,143.0495000000019,1e+100,143.0495000000019,1e+100
2025-02-18,6004.123702446784,0.0,49.18491071428643,3.0,0.0,8.0,150.0545000000011,150.0545000000011,11.0,150.0545000000011,1e+100,150.0545000000011,1e+100
2025-02-19,6021.338017324445,0.0,53.47476071428652,2.0,0.0,8.0,158.32350000000224,158.32350000000224,11.0,158.32350000000224,1e+100,158.32350000000224,1e+100
2025-02-20,6021.523116458223,0.0,55.12031785714374,2.0,0.0,8.0,126.9220000000023,126.9220000000023,11.0,126.9220000000023,1e+100,126.9220000000023,1e+100
2025-02-21,6140.501039364688,1.0,41.36896785714382,3.0,0.0,8.0,18.22700000000168,18.22700000000168,13.0,18.22700000000168,1e+100,18.22700000000168,1e+100
2025-02-24,6110.853987396455,1.0,23.284803571429677,3.0,0.0,8.0,-20.359999999997854,-20.359999999997854,12.0,-20.359999999997854,12.0,-20.359999999997854,1e+100
2025-02-25,6084.890288026631,1.0,-4.822649999998887,4.0,0.0,9.0,-53.745999999997366,-53.745999999997366,12.0,-53.745999999997366,1e+100,-53.745999999997366,1e+100
2025-02-26,6084.890288026631,1.0,-24.709453571427417,4.0,0.0,9.0,-64.90699999999742,-64.90699999999742,12.0,-64.90699999999742,1e+100,-64.90699999999742,1e+100
2025-02-27,5999.369684944035,1.0,-59.21028214285592,4.0,0.0,10.0,-171.03099999999722,-171.03099999999722,12.0,-171.03099999999722,1e+100,-171.03099999999722,1e+100
2025-02-28,5999.369684944035,1.0,-68.65746428571295,4.0,0.0,10.0,-88.53499999999713,-88.53499999999713,12.0,-88.53499999999713,1e+100,-88.53499999999713,1e+100
2025-03-03,5999.369684944035,1.0,-96.45752499999872,4.0,0.0,10.0,-201.59299999999803,-201.59299999999803,12.0,-201.59299999999803,1e+100,-201.59299999999803,1e+100
2025-03-04,5937.172713628892,1.0,-134.53294999999875,4.0,0.0,10.0,-282.0264999999972,-282.0264999999972,12.0,-282.0264999999972,1e+100,-282.0264999999972,1e+100
2025-03-05,5937.172713628892,1.0,-152.38628928571296,4.0,0.0,10.0,-224.1924999999983,-224.1924999999983,12.0,-224.1924999999983,1e+100,-224.1924999999983,1e+100
2025-03-06,5906.387824050074,1.0,-182.1138928571416,4.0,0.0,10.0,-333.0279999999984,-333.0279999999984,12.0,-333.0279999999984,1e+100,-333.0279999999984,1e+100
2025-03-07,5906.387824050074,1.0,-196.1837714285703,4.0,0.0,10.0,-302.92549999999846,-302.92549999999846,12.0,-302.92549999999846,1e+100,-302.92549999999846,1e+100
2025-03-10,5797.747086205192,1.0,-234.55509999999893,4.0,0.0,10.0,-453.28549999999814,-453.28549999999814,12.0,-453.28549999999814,1e+100,-453.28549999999814,1e+100
2025-03-11,5756.906231894933,1.0,-268.59449642857044,4.0,0.0,10.0,-489.85599999999886,-489.85599999999886,12.0,-489.85599999999886,1e+100,-489.85599999999886,1e+100
2025-03-12,5756.906231894933,1.0,-290.9638607142846,4.0,0.0,10.0,-459.79449999999815,-459.79449999999815,12.0,-459.79449999999815,1e+100,-459.79449999999815,1e+100
2025-03-13,5706.9291742851765,1.0,-323.98388214285586,4.0,0.0,10.0,-531.972499999998,-531.972499999998,12.0,-531.972499999998,1e+100,-531.972499999998,1e+100
2025-03-14,5706.9291742851765,1.0,-322.4986285714272,5.0,0.0,10.0,-405.68449999999757,-405.68449999999757,12.0,-405.68449999999757,1e+100,-405.68449999999757,1e+100
2025-03-17,5706.9291742851765,1.0,-308.751814285713,5.0,0.0,10.0,-363.67099999999846,-363.67099999999846,12.0,-363.67099999999846,1e+100,-363.67099999999846,1e+100
2025-03-18,5706.267152052754,1.0,-299.46883214285594,5.0,0.0,10.0,-414.5904999999984,-414.5904999999984,12.0,-414.5904999999984,1e+100,-414.5904999999984,1e+100
2025-03-19,5706.267152052754,1.0,-271.28243571428425,5.0,0.0,10.0,-343.11849999999777,-343.11849999999777,12.0,-343.11849999999777,1e+100,-343.11849999999777,1e+100
2025-03-20,5705.70187972761,1.0,-242.0003249999985,5.0,0.0,10.0,-345.7749999999978,-345.7749999999978,12.0,-345.7749999999978,1e+100,-345.7749999999978,1e+100
2025-03-21,5703.267285741229,1.0,-214.44166785714157,5.0,0.0,10.0,-324.9379999999974,-324.9379999999974,12.0,-324.9379999999974,1e+100,-324.9379999999974,1e+100
2025-03-24,5584.1525785458325,0.0,-167.65859642856995,5.0,0.0,10.0,-209.27949999999691,-209.27949999999691,13.0,-209.27949999999691,1e+100,-209.27949999999691,1e+100
2025-03-25,5599.7699496185405,0.0,-121.86472857142702,5.0,0.0,10.0,-179.60799999999836,-179.60799999999836,13.0,-179.60799999999836,1e+100,-179.60799999999836,1e+100
2025-03-26,5599.7699496185405,0.0,-87.55421428571265,5.0,0.0,9.0,-219.33949999999732,-219.33949999999732,12.0,-219.33949999999732,12.0,-219.33949999999732,1e+100
2025-03-27,5602.407779530732,0.0,-64.30953214285546,5.0,0.0,9.0,-214.7694999999976,-214.7694999999976,12.0,-214.7694999999976,1e+100,-214.7694999999976,1e+100
2025-03-28,5758.579609445804,1.0,-51.93880714285535,5.0,0.0,9.0,-300.61699999999746,-300.61699999999746,12.0,-300.61699999999746,1e+100,-300.61699999999746,1e+100
2025-03-31,5758.579609445804,1.0,-34.64121071428383,5.0,0.0,9.0,-245.91949999999724,-245.91949999999724,12.0,-245.91949999999724,1e+100,-245.91949999999724,1e+100
2025-04-01,5758.579609445804,1.0,-18.464821428569564,5.0,0.0,9.0,-202.72399999999743,-202.72399999999743,12.0,-202.72399999999743,1e+100,-202.72399999999743,1e+100
2025-04-02,5758.579609445804,1.0,12.41655714285912,2.0,0.0,8.0,-139.05799999999726,-139.05799999999726,12.0,-139.05799999999726,1e+100,-139.05799999999726,1e+100
2025-04-03,5601.179726703666,1.0,-11.560910714283636,4.0,0.0,9.0,-390.0859999999966,-390.0859999999966,12.0,-390.0859999999966,1e+100,-390.0859999999966,1e+100
2025-04-04,5301.187240368483,1.0,-72.24637857142636,4.0,0.0,10.0,-689.7744999999968,-689.7744999999968,12.0,-689.7744999999968,1e+100,-689.7744999999968,1e+100
2025-04-07,5301.187240368483,1.0,-129.75073214285493,4.0,0.0,10.0,-684.3469999999979,-684.3469999999979,12.0,-684.3469999999979,1e+100,-684.3469999999979,1e+100
2025-04-08,5262.535609432556,1.0,-200.08273214285484,4.0,0.0,10.0,-753.0219999999972,-753.0219999999972,12.0,-753.0219999999972,1e+100,-753.0219999999972,1e+100
2025-04-09,5137.831171039072,0.0,-175.87488571428338,5.0,0.0,10.0,-269.98199999999724,-269.98199999999724,12.0,-269.98199999999724,1e+100,-269.98199999999724,1e+100
2025-04-10,5137.831171039072,0.0,-195.74638571428324,4.0,0.0,10.0,-446.61899999999605,-446.61899999999605,12.0,-446.61899999999605,1e+100,-446.61899999999605,1e+100
2025-04-11,5137.831171039072,0.0,-186.27269285714036,5.0,0.0,10.0,-342.91699999999673,-342.91699999999673,12.0,-342.91699999999673,1e+100,-342.91699999999673,1e+100
2025-04-14,5137.831171039072,0.0,-165.0931999999975,5.0,0.0,10.0,-281.62899999999627,-281.62899999999627,12.0,-281.62899999999627,1e+100,-281.62899999999627,1e+100
2025-04-15,5137.831171039072,0.0,-151.5995964285691,5.0,0.0,10.0,-279.0754999999963,-279.0754999999963,12.0,-279.0754999999963,1e+100,-279.0754999999963,1e+100
2025-04-16,5137.831171039072,0.0,-153.97427142856912,4.0,0.0,10.0,-392.73149999999623,-392.73149999999623,12.0,-392.73149999999623,1e+100,-392.73149999999623,1e+100
2025-04-17,5144.382882380388,0.0,-153.06544642856926,5.0,0.0,10.0,-377.16949999999633,-377.16949999999633,12.0,-377.16949999999633,1e+100,-377.16949999999633,1e+100
2025-04-21,5144.382882380388,0.0,-170.14574642856962,4.0,0.0,10.0,-484.56849999999577,-484.56849999999577,12.0,-484.56849999999577,1e+100,-484.56849999999577,1e+100
2025-04-22,5144.382882380388,0.0,-147.85315357142682,5.0,0.0,10.0,-320.18349999999555,-320.18349999999555,12.0,-320.18349999999555,1e+100,-320.18349999999555,1e+100
2025-04-23,5144.382882380388,0.0,-104.5306071428555,5.0,0.0,10.0,-204.48799999999574,-204.48799999999574,12.0,-204.48799999999574,1e+100,-204.48799999999574,1e+100
2025-04-24,5172.02531277934,0.0,-42.89004642856986,5.0,0.0,10.0,-66.09299999999621,-66.09299999999621,13.0,-66.09299999999621,1e+100,-66.09299999999621,1e+100
2025-04-25,5220.878047140374,0.0,24.963278571430124,2.0,0.0,9.0,-18.53299999999581,-18.53299999999581,13.0,-18.53299999999581,1e+100,-18.53299999999581,1e+100
2025-04-28,5231.113144783355,0.0,79.94115714285863,2.0,0.0,9.0,-2.339499999995496,-2.339499999995496,13.0,-2.339499999995496,1e+100,-2.339499999995496,1e+100
2025-04-29,5271.449487544187,0.0,143.2112857142871,2.0,0.0,9.0,43.51950000000397,43.51950000000397,11.0,43.51950000000397,1e+100,43.51950000000397,11.0
2025-04-30,5279.308013166978,0.0,206.4371035714297,2.0,0.0,9.0,65.22700000000441,65.22700000000441,11.0,65.22700000000441,1e+100,65.22700000000441,1e+100
2025-05-01,5319.8721125086295,0.0,279.3680714285723,2.0,0.0,9.0,111.18850000000475,111.18850000000475,11.0,111.18850000000475,1e+100,111.18850000000475,1e+100
2025-05-02,5406.958006883197,0.0,336.7037785714293,2.0,0.0,10.0,213.69800000000305,213.69800000000305,11.0,213.69800000000305,1e+100,213.69800000000305,1e+100
2025-05-05,5415.725106539037,0.0,353.7415607142866,2.0,0.0,10.0,196.4175000000032,196.4175000000032,11.0,196.4175000000032,1e+100,196.4175000000032,1e+100
2025-05-06,5422.8388512120855,0.0,351.8538142857151,3.0,0.0,10.0,178.416500000003,178.416500000003,11.0,178.416500000003,1e+100,178.416500000003,1e+100
2025-05-07,5428.420908651481,0.0,334.30382857142945,3.0,0.0,10.0,226.77600000000348,226.77600000000348,11.0,226.77600000000348,1e+100,226.77600000000348,1e+100
2025-05-08,5432.449863218907,0.0,351.76984642857246,2.0,0.0,10.0,279.4965000000029,279.4965000000029,11.0,279.4965000000029,1e+100,279.4965000000029,1e+100
2025-05-09,5440.406370057962,0.0,345.6173000000009,3.0,0.0,10.0,286.81800000000294,286.81800000000294,11.0,286.81800000000294,1e+100,286.81800000000294,1e+100
2025-05-12,5591.712051555064,0.0,370.65413571428667,2.0,0.0,10.0,479.52300000000287,479.52300000000287,11.0,479.52300000000287,1e+100,479.52300000000287,1e+100
2025-05-13,5640.432448977311,0.0,397.65093571428673,2.0,0.0,10.0,524.4735000000028,524.4735000000028,11.0,524.4735000000028,1e+100,524.4735000000028,1e+100
2025-05-14,5655.323826528445,0.0,417.8053714285723,2.0,0.0,10.0,533.0545000000029,533.0545000000029,11.0,533.0545000000029,1e+100,533.0545000000029,1e+100
2025-05-15,5685.631135202023,0.0,422.3618785714295,2.0,0.0,10.0,560.604000000003,560.604000000003,11.0,560.604000000003,1e+100,560.604000000003,1e+100
2025-05-16,5733.519578441922,0.0,424.6540964285724,2.0,0.0,10.0,605.3965000000026,605.3965000000026,11.0,605.3965000000026,1e+100,605.3965000000026,1e+100
2025-05-19,5742.690099519826,0.0,400.7443607142868,3.0,0.0,10.0,596.1090000000022,596.1090000000022,11.0,596.1090000000022,1e+100,596.1090000000022,1e+100
2025-05-20,5748.302094543835,0.0,368.9321750000014,3.0,0.0,10.0,544.1550000000025,544.1550000000025,11.0,544.1550000000025,1e+100,544.1550000000025,1e+100
2025-05-21,5748.302094543835,0.0,321.58569642857265,3.0,0.0,10.0,421.0920000000024,421.0920000000024,11.0,421.0920000000024,1e+100,421.0920000000024,1e+100
2025-05-22,5753.660365325811,0.0,280.27916428571564,3.0,0.0,10.0,386.0475000000024,386.0475000000024,11.0,386.0475000000024,1e+100,386.0475000000024,1e+100
2025-05-23,5756.69784705952,0.0,236.28749642857315,3.0,0.0,10.0,336.52450000000226,336.52450000000226,11.0,336.52450000000226,1e+100,336.52450000000226,1e+100
2025-05-27,5756.69784705952,0.0,214.91717142857317,3.0,0.0,10.0,435.63250000000244,435.63250000000244,11.0,435.63250000000244,1e+100,435.63250000000244,1e+100
2025-05-28,5759.523331971217,0.0,189.66944642857348,3.0,0.0,10.0,378.6200000000026,378.6200000000026,11.0,378.6200000000026,1e+100,378.6200000000026,1e+100
2025-05-29,5762.7936653726565,0.0,162.94580000000212,3.0,0.0,10.0,378.21100000000297,378.21100000000297,11.0,378.21100000000297,1e+100,378.21100000000297,1e+100
2025-05-30,5764.9854821040235,0.0,141.22587500000208,3.0,0.0,10.0,352.9135000000024,352.9135000000024,11.0,352.9135000000024,1e+100,352.9135000000024,1e+100
2025-06-02,5767.318707998822,0.0,132.0517714285734,3.0,0.0,10.0,345.1230000000023,345.1230000000023,11.0,345.1230000000023,1e+100,345.1230000000023,1e+100
2025-06-03,5778.66727259888,0.0,125.50275000000175,3.0,0.0,10.0,345.7490000000025,345.7490000000025,11.0,345.7490000000025,1e+100,345.7490000000025,1e+100
2025-06-04,5786.274908968937,0.0,111.65797500000181,3.0,0.0,10.0,305.93900000000303,305.93900000000303,11.0,305.93900000000303,1e+100,305.93900000000303,1e+100
2025-06-05,5787.65216352049,0.0,88.72739285714445,3.0,0.0,10.0,241.77500000000327,241.77500000000327,11.0,241.77500000000327,1e+100,241.77500000000327,1e+100
2025-06-06,5818.602555344465,0.0,74.98283928571573,3.0,0.0,10.0,279.4165000000021,279.4165000000021,11.0,279.4165000000021,1e+100,279.4165000000021,1e+100
2025-06-09,5830.497927577243,0.0,54.633775000001265,3.0,0.0,9.0,267.07550000000265,267.07550000000265,11.0,267.07550000000265,1e+100,267.07550000000265,1e+100
2025-06-10,5867.90453119838,0.0,54.17493214285838,3.0,0.0,9.0,286.1050000000032,286.1050000000032,11.0,286.1050000000032,1e+100,286.1050000000032,1e+100
2025-06-11,5870.741304638461,0.0,54.036100000001085,3.0,0.0,9.0,249.9155000000028,249.9155000000028,11.0,249.9155000000028,1e+100,249.9155000000028,1e+100
2025-06-12,5881.439239406538,0.0,60.66461071428682,2.0,0.0,9.0,256.5285000000031,256.5285000000031,11.0,256.5285000000031,1e+100,256.5285000000031,1e+100
2025-06-13,5881.439239406538,0.0,58.201296428572505,3.0,0.0,9.0,171.08300000000236,171.08300000000236,11.0,171.08300000000236,1e+100,171.08300000000236,1e+100
2025-06-16,5882.229988564401,0.0,71.94594642857243,2.0,0.0,10.0,211.8655000000026,211.8655000000026,11.0,211.8655000000026,1e+100,211.8655000000026,1e+100
2025-06-17,5884.54898913618,0.0,75.83343928571517,2.0,0.0,10.0,149.01100000000133,149.01100000000133,11.0,149.01100000000133,1e+100,149.01100000000133,1e+100
2025-06-18,5887.9480396793715,0.0,75.6091571428581,3.0,0.0,10.0,131.14150000000154,131.14150000000154,11.0,131.14150000000154,1e+100,131.14150000000154,1e+100
2025-06-20,5889.249137695403,0.0,64.27536428571524,3.0,0.0,9.0,99.93550000000323,99.93550000000323,11.0,99.93550000000323,1e+100,99.93550000000323,1e+100
2025-06-23,5889.249137695403,0.0,61.71292500000091,3.0,0.0,9.0,141.84450000000106,141.84450000000106,11.0,141.84450000000106,1e+100,141.84450000000106,1e+100
2025-06-24,5935.612921770101,0.0,60.6658785714295,3.0,0.0,9.0,192.0535000000009,192.0535000000009,11.0,192.0535000000009,1e+100,192.0535000000009,1e+100
2025-06-25,5940.599775681596,0.0,68.83287142857228,2.0,0.0,9.0,174.71400000000176,174.71400000000176,11.0,174.71400000000176,1e+100,174.71400000000176,1e+100
2025-06-26,5991.562286897516,0.0,80.1007214285725,2.0,0.0,9.0,213.84400000000187,213.84400000000187,11.0,213.84400000000187,1e+100,213.84400000000187,1e+100
2025-06-27,6025.57167255264,0.0,92.09123928571546,2.0,0.0,10.0,239.12850000000253,239.12850000000253,11.0,239.12850000000253,1e+100,239.12850000000253,1e+100
2025-06-30,6060.607088925008,0.0,105.21854285714412,2.0,0.0,10.0,263.3545000000022,263.3545000000022,11.0,263.3545000000022,1e+100,263.3545000000022,1e+100
2025-07-01,6064.542734478758,0.0,114.06416785714435,2.0,0.0,10.0,253.43250000000262,253.43250000000262,11.0,253.43250000000262,1e+100,253.43250000000262,1e+100
2025-07-02,6090.1015977548195,0.0,128.77080714285864,2.0,0.0,10.0,279.08500000000186,279.08500000000186,11.0,279.08500000000186,1e+100,279.08500000000186,1e+100
2025-07-03,6143.193017867079,0.0,147.85552500000148,2.0,0.0,10.0,330.07800000000225,330.07800000000225,11.0,330.07800000000225,1e+100,330.07800000000225,1e+100
2025-07-07,6143.193017867079,0.0,149.14630000000153,2.0,0.0,10.0,278.68750000000273,278.68750000000273,11.0,278.68750000000273,1e+100,278.68750000000273,1e+100
2025-07-08,6146.530098625039,0.0,152.58933214285858,2.0,0.0,10.0,268.046000000003,268.046000000003,11.0,268.046000000003,1e+100,268.046000000003,1e+100
2025-07-09,6148.806593693786,0.0,158.55614642857282,2.0,0.0,10.0,296.62800000000243,296.62800000000243,11.0,296.62800000000243,1e+100,296.62800000000243,1e+100
2025-07-10,6152.566264009098,0.0,167.86958928571562,2.0,0.0,10.0,299.38000000000284,299.38000000000284,11.0,299.38000000000284,1e+100,299.38000000000284,1e+100
2025-07-11,6154.674450808643,0.0,169.2771392857155,2.0,0.0,10.0,270.1190000000024,270.1190000000024,11.0,270.1190000000024,1e+100,270.1190000000024,1e+100
2025-07-14,6157.555228268211,0.0,172.6905321428584,2.0,0.0,10.0,266.3065000000024,266.3065000000024,11.0,266.3065000000024,1e+100,266.3065000000024,1e+100
2025-07-15,6157.664966854801,0.0,162.4513642857156,3.0,0.0,10.0,228.4815000000035,228.4815000000035,11.0,228.4815000000035,1e+100,228.4815000000035,1e+100
2025-07-16,6157.664966854801,0.0,159.48444285714422,3.0,0.0,10.0,233.75850000000264,233.75850000000264,11.0,233.75850000000264,1e+100,233.75850000000264,1e+100
2025-07-17,6175.956107586458,0.0,155.87798928571573,3.0,0.0,10.0,254.2950000000028,254.2950000000028,11.0,254.2950000000028,1e+100,254.2950000000028,1e+100
2025-07-18,6179.156802207135,0.0,148.67871428571587,3.0,0.0,10.0,240.87250000000222,240.87250000000222,11.0,240.87250000000222,1e+100,240.87250000000222,1e+100
2025-07-21,6189.376462096778,0.0,137.72258571428748,3.0,0.0,10.0,234.25550000000203,234.25550000000203,11.0,234.25550000000203,1e+100,234.25550000000203,1e+100
2025-07-22,6195.786138991939,0.0,124.73750000000167,3.0,0.0,10.0,223.76050000000214,223.76050000000214,11.0,223.76050000000214,1e+100,223.76050000000214,1e+100
2025-07-23,6245.647332042341,0.0,120.43734642857316,3.0,0.0,10.0,261.77350000000206,261.77350000000206,11.0,261.77350000000206,1e+100,261.77350000000206,1e+100
2025-07-24,6253.528965440224,0.0,112.73613571428714,3.0,0.0,10.0,253.3655000000017,253.3655000000017,11.0,253.3655000000017,1e+100,253.3655000000017,1e+100
2025-07-25,6281.064517168213,0.0,110.01757857143002,3.0,0.0,10.0,266.57200000000194,266.57200000000194,11.0,266.57200000000194,1e+100,266.57200000000194,1e+100
2025-07-28,6285.025791309803,0.0,106.11218214285857,3.0,0.0,10.0,255.80750000000262,255.80750000000262,11.0,255.80750000000262,1e+100,255.80750000000262,1e+100
2025-07-29,6285.728501744313,0.0,99.49259285714444,3.0,0.0,10.0,225.75250000000233,225.75250000000233,11.0,225.75250000000233,1e+100,225.75250000000233,1e+100
2025-07-30,6285.728501744313,0.0,88.62341071428766,3.0,0.0,10.0,204.43200000000343,204.43200000000343,11.0,204.43200000000343,1e+100,204.43200000000343,1e+100
2025-07-31,6285.728501744313,0.0,74.55918571428764,3.0,0.0,10.0,169.39250000000266,169.39250000000266,11.0,169.39250000000266,1e+100,169.39250000000266,1e+100
2025-08-01,6354.73354581697,1.0,46.74694642857324,3.0,0.0,10.0,52.28150000000278,52.28150000000278,13.0,52.28150000000278,1e+100,52.28150000000278,1e+100
2025-08-04,6354.73354581697,1.0,33.05350714285902,3.0,0.0,10.0,128.4155000000037,128.4155000000037,11.0,128.4155000000037,1e+100,128.4155000000037,1e+100
2025-08-05,6354.73354581697,1.0,13.888800000001964,3.0,0.0,9.0,80.7985000000026,80.7985000000026,13.0,80.7985000000026,1e+100,80.7985000000026,1e+100
2025-08-06,6354.73354581697,1.0,7.899532142859101,3.0,0.0,9.0,112.42500000000382,112.42500000000382,11.0,112.42500000000382,1e+100,112.42500000000382,1e+100
2025-08-07,6354.73354581697,1.0,3.403850000001796,3.0,0.0,9.0,94.02950000000328,94.02950000000328,11.0,94.02950000000328,1e+100,94.02950000000328,1e+100
2025-08-08,6268.809676923795,0.0,6.7872428571446335,2.0,0.0,9.0,129.9190000000035,129.9190000000035,11.0,129.9190000000035,1e+100,129.9190000000035,1e+100
2025-08-11,6270.522193077605,0.0,7.961928571430462,2.0,0.0,9.0,101.55700000000343,101.55700000000343,11.0,101.55700000000343,1e+100,101.55700000000343,1e+100
2025-08-12,6325.469083423725,0.0,18.512060714287813,2.0,0.0,9.0,163.01300000000447,163.01300000000447,11.0,163.01300000000447,1e+100,163.01300000000447,1e+100
2025-08-13,6348.79712925254,0.0,31.179535714288036,2.0,0.0,9.0,175.55650000000423,175.55650000000423,11.0,175.55650000000423,1e+100,175.55650000000423,1e+100
2025-08-14,6353.341772789912,0.0,45.91395357143098,2.0,0.0,10.0,169.25300000000425,169.25300000000425,11.0,169.25300000000425,1e+100,169.25300000000425,1e+100
2025-08-15,6355.152184150416,0.0,55.7123035714313,2.0,0.0,10.0,144.9145000000035,144.9145000000035,11.0,144.9145000000035,1e+100,144.9145000000035,1e+100
2025-08-18,6359.056074942896,0.0,64.76518214286003,2.0,0.0,10.0,146.3525000000036,146.3525000000036,11.0,146.3525000000036,1e+100,146.3525000000036,1e+100
2025-08-19,6359.056074942896,0.0,63.659032142860084,3.0,0.0,10.0,103.55550000000312,103.55550000000312,11.0,103.55550000000312,1e+100,103.55550000000312,1e+100
2025-08-20,6359.056074942896,0.0,63.27431785714593,3.0,0.0,10.0,84.30100000000402,84.30100000000402,11.0,84.30100000000402,1e+100,84.30100000000402,1e+100
2025-08-21,6359.056074942896,0.0,58.014642857145994,3.0,0.0,10.0,54.601000000004206,54.601000000004206,13.0,54.601000000004206,1e+100,54.601000000004206,1e+100
2025-08-22,6359.056074942896,0.0,72.78309642857448,2.0,0.0,9.0,148.36500000000433,148.36500000000433,11.0,148.36500000000433,1e+100,148.36500000000433,1e+100
2025-08-25,6359.056074942896,0.0,80.84925357143183,2.0,0.0,10.0,114.27000000000498,114.27000000000498,11.0,114.27000000000498,1e+100,114.27000000000498,1e+100
2025-08-26,6359.056074942896,0.0,91.30023214286035,2.0,0.0,10.0,135.6645000000044,135.6645000000044,11.0,135.6645000000044,1e+100,135.6645000000044,1e+100
2025-08-27,6373.525395328071,0.0,102.08505000000324,2.0,0.0,10.0,141.0255000000052,141.0255000000052,11.0,141.0255000000052,1e+100,141.0255000000052,1e+100
2025-08-28,6395.232625561668,0.0,110.9148500000034,2.0,0.0,10.0,151.32150000000547,151.32150000000547,11.0,151.32150000000547,1e+100,151.32150000000547,1e+100
2025-08-29,6395.232625561668,0.0,96.94808571428901,3.0,0.0,10.0,101.16250000000491,101.16250000000491,11.0,101.16250000000491,1e+100,101.16250000000491,1e+100
2025-09-02,6395.232625561668,0.0,80.57399285714612,3.0,0.0,10.0,48.79200000000492,48.79200000000492,13.0,48.79200000000492,1e+100,48.79200000000492,1e+100
2025-09-03,6395.232625561668,0.0,65.98053571428903,3.0,0.0,9.0,74.35350000000653,74.35350000000653,11.0,74.35350000000653,1e+100,74.35350000000653,1e+100
2025-09-04,6395.232625561668,0.0,63.96289285714627,3.0,0.0,9.0,123.08700000000499,123.08700000000499,11.0,123.08700000000499,1e+100,123.08700000000499,1e+100
2025-09-05,6395.232625561668,0.0,53.42319285714629,3.0,0.0,8.0,100.66250000000582,100.66250000000582,11.0,100.66250000000582,1e+100,100.66250000000582,1e+100
